Model,ROC_AUC
LASSO_full,0.8717206790123456
SVM_full,0.9282407407407406
Core_genes_lr,0.9837962962962964
